ts,libre_mb_pronostico,libre_pct
2026-09-21 00:00:00,11120.009237244032,9.094967481062824
2026-09-21 01:00:00,11066.965050707437,9.0515830610217
2026-09-21 02:00:00,11016.629668178171,9.010414150323568
2026-09-21 03:00:00,10966.369530204665,8.969306781551627
2026-09-21 04:00:00,10914.454012004457,8.926845490403416
2026-09-21 05:00:00,10855.01403822833,8.878230006635789
2026-09-21 06:00:00,10769.464203603768,8.808259474478792
2026-09-21 07:00:00,10601.672069534417,8.671023616991581
2026-09-21 08:00:00,10222.89420111632,8.361224198455965
2026-09-21 09:00:00,9561.497781266731,7.820273305135103
2026-09-21 10:00:00,8771.207437401663,7.173901092243657
2026-09-21 11:00:00,8075.123277347092,6.604579370947293
2026-09-21 12:00:00,7611.394305476877,6.225299117738475
2026-09-21 13:00:00,7189.27557294149,5.880051549715025
2026-09-21 14:00:00,6613.281723878575,5.40895074262453
2026-09-21 15:00:00,5924.4962857326445,4.845598588168998
2026-09-21 16:00:00,5370.850069730206,4.392775733158166
2026-09-21 17:00:00,5058.362654935949,4.137194751599599
2026-09-21 18:00:00,4868.599110584918,3.981988651663697
2026-09-21 19:00:00,4636.924348676022,3.7925036988376517
2026-09-21 20:00:00,4424.36170392996,3.6186503952649214
2026-09-21 21:00:00,4297.803586416642,3.515139513332109
2026-09-21 22:00:00,4232.419292735541,3.461662217395144
2026-09-21 23:00:00,4179.751328977741,3.418585506984991
2026-09-22 00:00:00,4127.760566221774,3.376062673910586
2026-09-22 01:00:00,4074.7163796851783,3.332678253869463
2026-09-22 02:00:00,4024.380997155913,3.2915093431713287
2026-09-22 03:00:00,3974.120859182407,3.2504019743993893
2026-09-22 04:00:00,3922.2053409821992,3.207940683251178
2026-09-22 05:00:00,3862.7653672060733,3.1593251994835514
2026-09-22 06:00:00,3777.2155325815106,3.0893546673265533
2026-09-22 07:00:00,3609.4233985121614,2.9521188098393445
2026-09-22 08:00:00,3230.645530094064,2.6423193913037277
2026-09-22 09:00:00,2569.249110244476,2.1013684979828677
2026-09-22 10:00:00,1778.9587663794082,1.4549962850914213
2026-09-22 11:00:00,1082.874606324837,0.885674563795056
2026-09-22 12:00:00,619.1456344546223,0.506394310586239
2026-09-22 13:00:00,197.02690191923546,0.16114674256278913
2026-09-22 14:00:00,-378.96694714368004,-0.3099540645277061
